Modelo,Accuracy,F1-Score,Matthews CorrCoef,Precision_diabetes,Recall_diabetes,Precision_no_diabetes,Recall_no_diabetes
Modelo_histboost,0.7398608457406539,0.7842149750929618,0.34802348774416947,0.27611191617433956,0.7743044701469209,0.9615302642796248,0.7353708231458843
Modelo_histboost_smote,0.8768520855113738,0.8666747880180767,0.30805387279420243,0.4506593906321055,0.3097843075961238,0.9135473766640564,0.9507742461287694
Modelo_xgb,0.888243988608097,0.8536495982872643,0.22169110127658867,0.5779527559055118,0.11472335104720226,0.8955135773317592,0.989079054604727
Modelo_rforest,0.874869317567324,0.8503050046756446,0.19090714245999646,0.39324960753532184,0.15661144107533603,0.8980540336293218,0.9685004074979625
